geo;TIME_PERIOD;OBS_VALUE;DATAFLOW;LAST UPDATE;freq;unit;tra_meas;schedule;tra_cov;OBS_FLAG
AT;2011;219448;ESTAT:TTR00011(1.0);13.02.2023 23:00;A;T;FRM_LD_NLD;TOT;TOTAL;
AT;2012;197543;ESTAT:TTR00011(1.0);13.02.2023 23:00;A;T;FRM_LD_NLD;TOT;TOTAL;
AT;2013;196459;ESTAT:TTR00011(1.0);13.02.2023 23:00;A;T;FRM_LD_NLD;TOT;TOTAL;
AT;2014;217785;ESTAT:TTR00011(1.0);13.02.2023 23:00;A;T;FRM_LD_NLD;TOT;TOTAL;
AT;2015;216621;ESTAT:TTR00011(1.0);13.02.2023 23:00;A;T;FRM_LD_NLD;TOT;TOTAL;
AT;2016;223421.2;ESTAT:TTR00011(1.0);13.02.2023 23:00;A;T;FRM_LD_NLD;TOT;TOTAL;
AT;2017;227642.8;ESTAT:TTR00011(1.0);13.02.2023 23:00;A;T;FRM_LD_NLD;TOT;TOTAL;
AT;2018;237700.6;ESTAT:TTR00011(1.0);13.02.2023 23:00;A;T;FRM_LD_NLD;TOT;TOTAL;
AT;2019;228223.4;ESTAT:TTR00011(1.0);13.02.2023 23:00;A;T;FRM_LD_NLD;TOT;TOTAL;
AT;2020;165013.2;ESTAT:TTR00011(1.0);13.02.2023 23:00;A;T;FRM_LD_NLD;TOT;TOTAL;
AT;2021;194820.2;ESTAT:TTR00011(1.0);13.02.2023 23:00;A;T;FRM_LD_NLD;TOT;TOTAL;
BE;2011;984362.7;ESTAT:TTR00011(1.0);13.02.2023 23:00;A;T;FRM_LD_NLD;TOT;TOTAL;
BE;2012;963614.7;ESTAT:TTR00011(1.0);13.02.2023 23:00;A;T;FRM_LD_NLD;TOT;TOTAL;
BE;2013;957012.2;ESTAT:TTR00011(1.0);13.02.2023 23:00;A;T;FRM_LD_NLD;TOT;TOTAL;
BE;2014;1014585.6;ESTAT:TTR00011(1.0);13.02.2023 23:00;A;T;FRM_LD_NLD;TOT;TOTAL;
BE;2015;1126234.1;ESTAT:TTR00011(1.0);13.02.2023 23:00;A;T;FRM_LD_NLD;TOT;TOTAL;
BE;2016;1088734;ESTAT:TTR00011(1.0);13.02.2023 23:00;A;T;FRM_LD_NLD;TOT;TOTAL;
BE;2017;1251173;ESTAT:TTR00011(1.0);13.02.2023 23:00;A;T;FRM_LD_NLD;TOT;TOTAL;
BE;2018;1416428;ESTAT:TTR00011(1.0);13.02.2023 23:00;A;T;FRM_LD_NLD;TOT;TOTAL;
BE;2019;1397513;ESTAT:TTR00011(1.0);13.02.2023 23:00;A;T;FRM_LD_NLD;TOT;TOTAL;
BE;2020;1584640;ESTAT:TTR00011(1.0);13.02.2023 23:00;A;T;FRM_LD_NLD;TOT;TOTAL;
BE;2021;2083632;ESTAT:TTR00011(1.0);13.02.2023 23:00;A;T;FRM_LD_NLD;TOT;TOTAL;
BG;2011;21879.4;ESTAT:TTR00011(1.0);13.02.2023 23:00;A;T;FRM_LD_NLD;TOT;TOTAL;
BG;2012;18529.1;ESTAT:TTR00011(1.0);13.02.2023 23:00;A;T;FRM_LD_NLD;TOT;TOTAL;
BG;2013;19574.9;ESTAT:TTR00011(1.0);13.02.2023 23:00;A;T;FRM_LD_NLD;TOT;TOTAL;
BG;2014;23072.8;ESTAT:TTR00011(1.0);13.02.2023 23:00;A;T;FRM_LD_NLD;TOT;TOTAL;
BG;2015;31520;ESTAT:TTR00011(1.0);13.02.2023 23:00;A;T;FRM_LD_NLD;TOT;TOTAL;
BG;2016;32976.9;ESTAT:TTR00011(1.0);13.02.2023 23:00;A;T;FRM_LD_NLD;TOT;TOTAL;
BG;2017;34806.7;ESTAT:TTR00011(1.0);13.02.2023 23:00;A;T;FRM_LD_NLD;TOT;TOTAL;
BG;2018;29867.3;ESTAT:TTR00011(1.0);13.02.2023 23:00;A;T;FRM_LD_NLD;TOT;TOTAL;
BG;2019;28748.6;ESTAT:TTR00011(1.0);13.02.2023 23:00;A;T;FRM_LD_NLD;TOT;TOTAL;
BG;2020;25844;ESTAT:TTR00011(1.0);13.02.2023 23:00;A;T;FRM_LD_NLD;TOT;TOTAL;
BG;2021;25686;ESTAT:TTR00011(1.0);13.02.2023 23:00;A;T;FRM_LD_NLD;TOT;TOTAL;
CH;2011;390335.2;ESTAT:TTR00011(1.0);13.02.2023 23:00;A;T;FRM_LD_NLD;TOT;TOTAL;
CH;2012;398715.2;ESTAT:TTR00011(1.0);13.02.2023 23:00;A;T;FRM_LD_NLD;TOT;TOTAL;
CH;2013;400028.4;ESTAT:TTR00011(1.0);13.02.2023 23:00;A;T;FRM_LD_NLD;TOT;TOTAL;
CH;2014;407703.6;ESTAT:TTR00011(1.0);13.02.2023 23:00;A;T;FRM_LD_NLD;TOT;TOTAL;
CH;2015;401924.6;ESTAT:TTR00011(1.0);13.02.2023 23:00;A;T;FRM_LD_NLD;TOT;TOTAL;
CH;2016;428495.5;ESTAT:TTR00011(1.0);13.02.2023 23:00;A;T;FRM_LD_NLD;TOT;TOTAL;
CH;2017;486164.2;ESTAT:TTR00011(1.0);13.02.2023 23:00;A;T;FRM_LD_NLD;TOT;TOTAL;
CH;2018;493201.9;ESTAT:TTR00011(1.0);13.02.2023 23:00;A;T;FRM_LD_NLD;TOT;TOTAL;
CH;2019;459877;ESTAT:TTR00011(1.0);13.02.2023 23:00;A;T;FRM_LD_NLD;TOT;TOTAL;
CH;2020;272379.7;ESTAT:TTR00011(1.0);13.02.2023 23:00;A;T;FRM_LD_NLD;TOT;TOTAL;
CH;2021;341402.7;ESTAT:TTR00011(1.0);13.02.2023 23:00;A;T;FRM_LD_NLD;TOT;TOTAL;
CY;2011;29480.4;ESTAT:TTR00011(1.0);13.02.2023 23:00;A;T;FRM_LD_NLD;TOT;TOTAL;
CY;2012;27581;ESTAT:TTR00011(1.0);13.02.2023 23:00;A;T;FRM_LD_NLD;TOT;TOTAL;
CY;2013;28327.9;ESTAT:TTR00011(1.0);13.02.2023 23:00;A;T;FRM_LD_NLD;TOT;TOTAL;
CY;2014;28095;ESTAT:TTR00011(1.0);13.02.2023 23:00;A;T;FRM_LD_NLD;TOT;TOTAL;
CY;2015;27626.2;ESTAT:TTR00011(1.0);13.02.2023 23:00;A;T;FRM_LD_NLD;TOT;TOTAL;
CY;2016;28430;ESTAT:TTR00011(1.0);13.02.2023 23:00;A;T;FRM_LD_NLD;TOT;TOTAL;
CY;2017;30880.4;ESTAT:TTR00011(1.0);13.02.2023 23:00;A;T;FRM_LD_NLD;TOT;TOTAL;
CY;2018;32186.1;ESTAT:TTR00011(1.0);13.02.2023 23:00;A;T;FRM_LD_NLD;TOT;TOTAL;
CY;2019;32360.1;ESTAT:TTR00011(1.0);13.02.2023 23:00;A;T;FRM_LD_NLD;TOT;TOTAL;
CY;2020;24006.6;ESTAT:TTR00011(1.0);13.02.2023 23:00;A;T;FRM_LD_NLD;TOT;TOTAL;
CY;2021;25149.5;ESTAT:TTR00011(1.0);13.02.2023 23:00;A;T;FRM_LD_NLD;TOT;TOTAL;
CZ;2011;69206;ESTAT:TTR00011(1.0);13.02.2023 23:00;A;T;FRM_LD_NLD;TOT;TOTAL;
CZ;2012;58707;ESTAT:TTR00011(1.0);13.02.2023 23:00;A;T;FRM_LD_NLD;TOT;TOTAL;
CZ;2013;58147;ESTAT:TTR00011(1.0);13.02.2023 23:00;A;T;FRM_LD_NLD;TOT;TOTAL;
CZ;2014;58312;ESTAT:TTR00011(1.0);13.02.2023 23:00;A;T;FRM_LD_NLD;TOT;TOTAL;
CZ;2015;58445;ESTAT:TTR00011(1.0);13.02.2023 23:00;A;T;FRM_LD_NLD;TOT;TOTAL;
CZ;2016;77704;ESTAT:TTR00011(1.0);13.02.2023 23:00;A;T;FRM_LD_NLD;TOT;TOTAL;
CZ;2017;89278.5;ESTAT:TTR00011(1.0);13.02.2023 23:00;A;T;FRM_LD_NLD;TOT;TOTAL;
CZ;2018;90525.8;ESTAT:TTR00011(1.0);13.02.2023 23:00;A;T;FRM_LD_NLD;TOT;TOTAL;
CZ;2019;97247.9;ESTAT:TTR00011(1.0);13.02.2023 23:00;A;T;FRM_LD_NLD;TOT;TOTAL;
CZ;2020;71095.4;ESTAT:TTR00011(1.0);13.02.2023 23:00;A;T;FRM_LD_NLD;TOT;TOTAL;
CZ;2021;92726.4;ESTAT:TTR00011(1.0);13.02.2023 23:00;A;T;FRM_LD_NLD;TOT;TOTAL;
DE;2011;4309649.4;ESTAT:TTR00011(1.0);13.02.2023 23:00;A;T;FRM_LD_NLD;TOT;TOTAL;
DE;2012;4218146.4;ESTAT:TTR00011(1.0);13.02.2023 23:00;A;T;FRM_LD_NLD;TOT;TOTAL;
DE;2013;4231473.9;ESTAT:TTR00011(1.0);13.02.2023 23:00;A;T;FRM_LD_NLD;TOT;TOTAL;
DE;2014;4336163;ESTAT:TTR00011(1.0);13.02.2023 23:00;A;T;FRM_LD_NLD;TOT;TOTAL;
DE;2015;4325665;ESTAT:TTR00011(1.0);13.02.2023 23:00;A;T;FRM_LD_NLD;TOT;TOTAL;
DE;2016;4467022;ESTAT:TTR00011(1.0);13.02.2023 23:00;A;T;FRM_LD_NLD;TOT;TOTAL;
DE;2017;4773359;ESTAT:TTR00011(1.0);13.02.2023 23:00;A;T;FRM_LD_NLD;TOT;TOTAL;
DE;2018;4842716;ESTAT:TTR00011(1.0);13.02.2023 23:00;A;T;FRM_LD_NLD;TOT;TOTAL;
DE;2019;4684570.8;ESTAT:TTR00011(1.0);13.02.2023 23:00;A;T;FRM_LD_NLD;TOT;TOTAL;
DE;2020;4497805.1;ESTAT:TTR00011(1.0);13.02.2023 23:00;A;T;FRM_LD_NLD;TOT;TOTAL;
DE;2021;5289724;ESTAT:TTR00011(1.0);13.02.2023 23:00;A;T;FRM_LD_NLD;TOT;TOTAL;
DK;2011;155662.3;ESTAT:TTR00011(1.0);13.02.2023 23:00;A;T;FRM_LD_NLD;TOT;TOTAL;
DK;2012;166283;ESTAT:TTR00011(1.0);13.02.2023 23:00;A;T;FRM_LD_NLD;TOT;TOTAL;
DK;2013;148980;ESTAT:TTR00011(1.0);13.02.2023 23:00;A;T;FRM_LD_NLD;TOT;TOTAL;
DK;2014;208590;ESTAT:TTR00011(1.0);13.02.2023 23:00;A;T;FRM_LD_NLD;TOT;TOTAL;
DK;2015;210570;ESTAT:TTR00011(1.0);13.02.2023 23:00;A;T;FRM_LD_NLD;TOT;TOTAL;
DK;2016;200133;ESTAT:TTR00011(1.0);13.02.2023 23:00;A;T;FRM_LD_NLD;TOT;TOTAL;
DK;2017;235937;ESTAT:TTR00011(1.0);13.02.2023 23:00;A;T;FRM_LD_NLD;TOT;TOTAL;
DK;2018;242068;ESTAT:TTR00011(1.0);13.02.2023 23:00;A;T;FRM_LD_NLD;TOT;TOTAL;
DK;2019;244997;ESTAT:TTR00011(1.0);13.02.2023 23:00;A;T;FRM_LD_NLD;TOT;TOTAL;
DK;2020;181967;ESTAT:TTR00011(1.0);13.02.2023 23:00;A;T;FRM_LD_NLD;TOT;TOTAL;
DK;2021;246912;ESTAT:TTR00011(1.0);13.02.2023 23:00;A;T;FRM_LD_NLD;TOT;TOTAL;
EE;2011;18341;ESTAT:TTR00011(1.0);13.02.2023 23:00;A;T;FRM_LD_NLD;TOT;TOTAL;
EE;2012;23760;ESTAT:TTR00011(1.0);13.02.2023 23:00;A;T;FRM_LD_NLD;TOT;TOTAL;
EE;2013;20862;ESTAT:TTR00011(1.0);13.02.2023 23:00;A;T;FRM_LD_NLD;TOT;TOTAL;
EE;2014;19432;ESTAT:TTR00011(1.0);13.02.2023 23:00;A;T;FRM_LD_NLD;TOT;TOTAL;
EE;2015;16034;ESTAT:TTR00011(1.0);13.02.2023 23:00;A;T;FRM_LD_NLD;TOT;TOTAL;
EE;2016;13868;ESTAT:TTR00011(1.0);13.02.2023 23:00;A;T;FRM_LD_NLD;TOT;TOTAL;
EE;2017;11232.9;ESTAT:TTR00011(1.0);13.02.2023 23:00;A;T;FRM_LD_NLD;TOT;TOTAL;
EE;2018;11474.6;ESTAT:TTR00011(1.0);13.02.2023 23:00;A;T;FRM_LD_NLD;TOT;TOTAL;
EE;2019;10865.6;ESTAT:TTR00011(1.0);13.02.2023 23:00;A;T;FRM_LD_NLD;TOT;TOTAL;
EE;2020;9131.7;ESTAT:TTR00011(1.0);13.02.2023 23:00;A;T;FRM_LD_NLD;TOT;TOTAL;
EE;2021;10533.1;ESTAT:TTR00011(1.0);13.02.2023 23:00;A;T;FRM_LD_NLD;TOT;TOTAL;
EL;2011;81354.5;ESTAT:TTR00011(1.0);13.02.2023 23:00;A;T;FRM_LD_NLD;TOT;TOTAL;
EL;2012;72191.6;ESTAT:TTR00011(1.0);13.02.2023 23:00;A;T;FRM_LD_NLD;TOT;TOTAL;
EL;2013;67262.4;ESTAT:TTR00011(1.0);13.02.2023 23:00;A;T;FRM_LD_NLD;TOT;TOTAL;
EL;2014;60324.4;ESTAT:TTR00011(1.0);13.02.2023 23:00;A;T;FRM_LD_NLD;TOT;TOTAL;
EL;2015;62331.9;ESTAT:TTR00011(1.0);13.02.2023 23:00;A;T;FRM_LD_NLD;TOT;TOTAL;
EL;2016;69949.5;ESTAT:TTR00011(1.0);13.02.2023 23:00;A;T;FRM_LD_NLD;TOT;TOTAL;
EL;2017;69073.6;ESTAT:TTR00011(1.0);13.02.2023 23:00;A;T;FRM_LD_NLD;TOT;TOTAL;
EL;2018;96889.2;ESTAT:TTR00011(1.0);13.02.2023 23:00;A;T;FRM_LD_NLD;TOT;TOTAL;
EL;2019;105403.4;ESTAT:TTR00011(1.0);13.02.2023 23:00;A;T;FRM_LD_NLD;TOT;TOTAL;
EL;2020;72990.4;ESTAT:TTR00011(1.0);13.02.2023 23:00;A;T;FRM_LD_NLD;TOT;TOTAL;
EL;2021;108850.4;ESTAT:TTR00011(1.0);13.02.2023 23:00;A;T;FRM_LD_NLD;TOT;TOTAL;
ES;2011;611974;ESTAT:TTR00011(1.0);13.02.2023 23:00;A;T;FRM_LD_NLD;TOT;TOTAL;
ES;2012;593523;ESTAT:TTR00011(1.0);13.02.2023 23:00;A;T;FRM_LD_NLD;TOT;TOTAL;
ES;2013;580847;ESTAT:TTR00011(1.0);13.02.2023 23:00;A;T;FRM_LD_NLD;TOT;TOTAL;
ES;2014;593902;ESTAT:TTR00011(1.0);13.02.2023 23:00;A;T;FRM_LD_NLD;TOT;TOTAL;
ES;2015;594393;ESTAT:TTR00011(1.0);13.02.2023 23:00;A;T;FRM_LD_NLD;TOT;TOTAL;
ES;2016;639237;ESTAT:TTR00011(1.0);13.02.2023 23:00;A;T;FRM_LD_NLD;TOT;TOTAL;
ES;2017;742442.5;ESTAT:TTR00011(1.0);13.02.2023 23:00;A;T;FRM_LD_NLD;TOT;TOTAL;
ES;2018;806518.3;ESTAT:TTR00011(1.0);13.02.2023 23:00;A;T;FRM_LD_NLD;TOT;TOTAL;
ES;2019;815612.4;ESTAT:TTR00011(1.0);13.02.2023 23:00;A;T;FRM_LD_NLD;TOT;TOTAL;
ES;2020;599930.3;ESTAT:TTR00011(1.0);13.02.2023 23:00;A;T;FRM_LD_NLD;TOT;TOTAL;
ES;2021;782676.9;ESTAT:TTR00011(1.0);13.02.2023 23:00;A;T;FRM_LD_NLD;TOT;TOTAL;
EU27_2007;2011;13539001.3;ESTAT:TTR00011(1.0);13.02.2023 23:00;A;T;FRM_LD_NLD;TOT;TOTAL;
EU27_2007;2012;13312199.8;ESTAT:TTR00011(1.0);13.02.2023 23:00;A;T;FRM_LD_NLD;TOT;TOTAL;
EU27_2007;2013;13393476.4;ESTAT:TTR00011(1.0);13.02.2023 23:00;A;T;FRM_LD_NLD;TOT;TOTAL;
EU27_2007;2014;14449460.3;ESTAT:TTR00011(1.0);13.02.2023 23:00;A;T;FRM_LD_NLD;TOT;TOTAL;
EU27_2007;2015;14579764.3;ESTAT:TTR00011(1.0);13.02.2023 23:00;A;T;FRM_LD_NLD;TOT;TOTAL;
EU27_2007;2016;15139750.7;ESTAT:TTR00011(1.0);13.02.2023 23:00;A;T;FRM_LD_NLD;TOT;TOTAL;
EU27_2007;2017;16310390.3;ESTAT:TTR00011(1.0);13.02.2023 23:00;A;T;FRM_LD_NLD;TOT;TOTAL;
EU27_2007;2018;16600227.3;ESTAT:TTR00011(1.0);13.02.2023 23:00;A;T;FRM_LD_NLD;TOT;TOTAL;
EU27_2007;2019;16009268.3;ESTAT:TTR00011(1.0);13.02.2023 23:00;A;T;FRM_LD_NLD;TOT;TOTAL;
EU27_2020;2011;11445047.9;ESTAT:TTR00011(1.0);13.02.2023 23:00;A;T;FRM_LD_NLD;TOT;TOTAL;
EU27_2020;2012;11212391.3;ESTAT:TTR00011(1.0);13.02.2023 23:00;A;T;FRM_LD_NLD;TOT;TOTAL;
EU27_2020;2013;11348327;ESTAT:TTR00011(1.0);13.02.2023 23:00;A;T;FRM_LD_NLD;TOT;TOTAL;
EU27_2020;2014;12377851.1;ESTAT:TTR00011(1.0);13.02.2023 23:00;A;T;FRM_LD_NLD;TOT;TOTAL;
EU27_2020;2015;12524664.1;ESTAT:TTR00011(1.0);13.02.2023 23:00;A;T;FRM_LD_NLD;TOT;TOTAL;
EU27_2020;2016;12979930.9;ESTAT:TTR00011(1.0);13.02.2023 23:00;A;T;FRM_LD_NLD;TOT;TOTAL;
EU27_2020;2017;13954132.4;ESTAT:TTR00011(1.0);13.02.2023 23:00;A;T;FRM_LD_NLD;TOT;TOTAL;
EU27_2020;2018;14243667.3;ESTAT:TTR00011(1.0);13.02.2023 23:00;A;T;FRM_LD_NLD;TOT;TOTAL;
EU27_2020;2019;13743506.6;ESTAT:TTR00011(1.0);13.02.2023 23:00;A;T;FRM_LD_NLD;TOT;TOTAL;
EU27_2020;2020;12426326.6;ESTAT:TTR00011(1.0);13.02.2023 23:00;A;T;FRM_LD_NLD;TOT;TOTAL;
EU27_2020;2021;15043811.1;ESTAT:TTR00011(1.0);13.02.2023 23:00;A;T;FRM_LD_NLD;TOT;TOTAL;
EU28;2011;13542500;ESTAT:TTR00011(1.0);13.02.2023 23:00;A;T;FRM_LD_NLD;TOT;TOTAL;
EU28;2012;13314755.1;ESTAT:TTR00011(1.0);13.02.2023 23:00;A;T;FRM_LD_NLD;TOT;TOTAL;
EU28;2013;13397441.4;ESTAT:TTR00011(1.0);13.02.2023 23:00;A;T;FRM_LD_NLD;TOT;TOTAL;
EU28;2014;14453820;ESTAT:TTR00011(1.0);13.02.2023 23:00;A;T;FRM_LD_NLD;TOT;TOTAL;
EU28;2015;14583689.7;ESTAT:TTR00011(1.0);13.02.2023 23:00;A;T;FRM_LD_NLD;TOT;TOTAL;
EU28;2016;15142564.3;ESTAT:TTR00011(1.0);13.02.2023 23:00;A;T;FRM_LD_NLD;TOT;TOTAL;
EU28;2017;16315002.1;ESTAT:TTR00011(1.0);13.02.2023 23:00;A;T;FRM_LD_NLD;TOT;TOTAL;
EU28;2018;16607356.8;ESTAT:TTR00011(1.0);13.02.2023 23:00;A;T;FRM_LD_NLD;TOT;TOTAL;
EU28;2019;16013523;ESTAT:TTR00011(1.0);13.02.2023 23:00;A;T;FRM_LD_NLD;TOT;TOTAL;
FI;2011;179216.4;ESTAT:TTR00011(1.0);13.02.2023 23:00;A;T;FRM_LD_NLD;TOT;TOTAL;
FI;2012;195630.8;ESTAT:TTR00011(1.0);13.02.2023 23:00;A;T;FRM_LD_NLD;TOT;TOTAL;
FI;2013;192512.4;ESTAT:TTR00011(1.0);13.02.2023 23:00;A;T;FRM_LD_NLD;TOT;TOTAL;
FI;2014;190586.3;ESTAT:TTR00011(1.0);13.02.2023 23:00;A;T;FRM_LD_NLD;TOT;TOTAL;
FI;2015;182089;ESTAT:TTR00011(1.0);13.02.2023 23:00;A;T;FRM_LD_NLD;TOT;TOTAL;
FI;2016;186470.8;ESTAT:TTR00011(1.0);13.02.2023 23:00;A;T;FRM_LD_NLD;TOT;TOTAL;
FI;2017;188721.6;ESTAT:TTR00011(1.0);13.02.2023 23:00;A;T;FRM_LD_NLD;TOT;TOTAL;
FI;2018;196809.5;ESTAT:TTR00011(1.0);13.02.2023 23:00;A;T;FRM_LD_NLD;TOT;TOTAL;
FI;2019;225242.3;ESTAT:TTR00011(1.0);13.02.2023 23:00;A;T;FRM_LD_NLD;TOT;TOTAL;
FI;2020;146547.4;ESTAT:TTR00011(1.0);13.02.2023 23:00;A;T;FRM_LD_NLD;TOT;TOTAL;
FI;2021;178606.1;ESTAT:TTR00011(1.0);13.02.2023 23:00;A;T;FRM_LD_NLD;TOT;TOTAL;
FR;2011;1765732.5;ESTAT:TTR00011(1.0);13.02.2023 23:00;A;T;FRM_LD_NLD;TOT;TOTAL;
FR;2012;1753084.7;ESTAT:TTR00011(1.0);13.02.2023 23:00;A;T;FRM_LD_NLD;TOT;TOTAL;
FR;2013;1741020.6;ESTAT:TTR00011(1.0);13.02.2023 23:00;A;T;FRM_LD_NLD;TOT;TOTAL;
FR;2014;2361510.1;ESTAT:TTR00011(1.0);13.02.2023 23:00;A;T;FRM_LD_NLD;TOT;TOTAL;
FR;2015;2380931.3;ESTAT:TTR00011(1.0);13.02.2023 23:00;A;T;FRM_LD_NLD;TOT;TOTAL;
FR;2016;2401593;ESTAT:TTR00011(1.0);13.02.2023 23:00;A;T;FRM_LD_NLD;TOT;TOTAL;
FR;2017;2450326.1;ESTAT:TTR00011(1.0);13.02.2023 23:00;A;T;FRM_LD_NLD;TOT;TOTAL;
FR;2018;2407878.2;ESTAT:TTR00011(1.0);13.02.2023 23:00;A;T;FRM_LD_NLD;TOT;TOTAL;
FR;2019;2371614.1;ESTAT:TTR00011(1.0);13.02.2023 23:00;A;T;FRM_LD_NLD;TOT;TOTAL;
FR;2020;1938349;ESTAT:TTR00011(1.0);13.02.2023 23:00;A;T;FRM_LD_NLD;TOT;TOTAL;
FR;2021;2275378.2;ESTAT:TTR00011(1.0);13.02.2023 23:00;A;T;FRM_LD_NLD;TOT;TOTAL;
HR;2011;7228;ESTAT:TTR00011(1.0);13.02.2023 23:00;A;T;FRM_LD_NLD;TOT;TOTAL;
HR;2012;6961;ESTAT:TTR00011(1.0);13.02.2023 23:00;A;T;FRM_LD_NLD;TOT;TOTAL;
HR;2013;6857;ESTAT:TTR00011(1.0);13.02.2023 23:00;A;T;FRM_LD_NLD;TOT;TOTAL;
HR;2014;6908;ESTAT:TTR00011(1.0);13.02.2023 23:00;A;T;FRM_LD_NLD;TOT;TOTAL;
HR;2015;7189;ESTAT:TTR00011(1.0);13.02.2023 23:00;A;T;FRM_LD_NLD;TOT;TOTAL;
HR;2016;7691;ESTAT:TTR00011(1.0);13.02.2023 23:00;A;T;FRM_LD_NLD;TOT;TOTAL;
HR;2017;9510;ESTAT:TTR00011(1.0);13.02.2023 23:00;A;T;FRM_LD_NLD;TOT;TOTAL;
HR;2018;11934;ESTAT:TTR00011(1.0);13.02.2023 23:00;A;T;FRM_LD_NLD;TOT;TOTAL;
HR;2019;10846;ESTAT:TTR00011(1.0);13.02.2023 23:00;A;T;FRM_LD_NLD;TOT;TOTAL;
HR;2020;7638;ESTAT:TTR00011(1.0);13.02.2023 23:00;A;T;FRM_LD_NLD;TOT;TOTAL;
HR;2021;8775;ESTAT:TTR00011(1.0);13.02.2023 23:00;A;T;FRM_LD_NLD;TOT;TOTAL;
HU;2011;68860;ESTAT:TTR00011(1.0);13.02.2023 23:00;A;T;FRM_LD_NLD;TOT;TOTAL;
HU;2012;61902;ESTAT:TTR00011(1.0);13.02.2023 23:00;A;T;FRM_LD_NLD;TOT;TOTAL;
HU;2013;64166;ESTAT:TTR00011(1.0);13.02.2023 23:00;A;T;FRM_LD_NLD;TOT;TOTAL;
HU;2014;61970;ESTAT:TTR00011(1.0);13.02.2023 23:00;A;T;FRM_LD_NLD;TOT;TOTAL;
HU;2015;65783;ESTAT:TTR00011(1.0);13.02.2023 23:00;A;T;FRM_LD_NLD;TOT;TOTAL;
HU;2016;77534.7;ESTAT:TTR00011(1.0);13.02.2023 23:00;A;T;FRM_LD_NLD;TOT;TOTAL;
HU;2017;87276.6;ESTAT:TTR00011(1.0);13.02.2023 23:00;A;T;FRM_LD_NLD;TOT;TOTAL;
HU;2018;101411.2;ESTAT:TTR00011(1.0);13.02.2023 23:00;A;T;FRM_LD_NLD;TOT;TOTAL;
HU;2019;95590.2;ESTAT:TTR00011(1.0);13.02.2023 23:00;A;T;FRM_LD_NLD;TOT;TOTAL;
HU;2020;88872.4;ESTAT:TTR00011(1.0);13.02.2023 23:00;A;T;FRM_LD_NLD;TOT;TOTAL;
HU;2021;125901.2;ESTAT:TTR00011(1.0);13.02.2023 23:00;A;T;FRM_LD_NLD;TOT;TOTAL;
IE;2011;113408.7;ESTAT:TTR00011(1.0);13.02.2023 23:00;A;T;FRM_LD_NLD;TOT;TOTAL;
IE;2012;126833.6;ESTAT:TTR00011(1.0);13.02.2023 23:00;A;T;FRM_LD_NLD;TOT;TOTAL;
IE;2013;127422.8;ESTAT:TTR00011(1.0);13.02.2023 23:00;A;T;FRM_LD_NLD;TOT;TOTAL;
IE;2014;138202.9;ESTAT:TTR00011(1.0);13.02.2023 23:00;A;T;FRM_LD_NLD;TOT;TOTAL;
IE;2015;148713.5;ESTAT:TTR00011(1.0);13.02.2023 23:00;A;T;FRM_LD_NLD;TOT;TOTAL;
IE;2016;145768.7;ESTAT:TTR00011(1.0);13.02.2023 23:00;A;T;FRM_LD_NLD;TOT;TOTAL;
IE;2017;163123.2;ESTAT:TTR00011(1.0);13.02.2023 23:00;A;T;FRM_LD_NLD;TOT;TOTAL;
IE;2018;156264.7;ESTAT:TTR00011(1.0);13.02.2023 23:00;A;T;FRM_LD_NLD;TOT;TOTAL;
IE;2019;144140.8;ESTAT:TTR00011(1.0);13.02.2023 23:00;A;T;FRM_LD_NLD;TOT;TOTAL;
IE;2020;136802.6;ESTAT:TTR00011(1.0);13.02.2023 23:00;A;T;FRM_LD_NLD;TOT;TOTAL;
IE;2021;155226.6;ESTAT:TTR00011(1.0);13.02.2023 23:00;A;T;FRM_LD_NLD;TOT;TOTAL;
IS;2011;37557.6;ESTAT:TTR00011(1.0);13.02.2023 23:00;A;T;FRM_LD_NLD;TOT;TOTAL;
IS;2012;40029.7;ESTAT:TTR00011(1.0);13.02.2023 23:00;A;T;FRM_LD_NLD;TOT;TOTAL;
IS;2013;41490.7;ESTAT:TTR00011(1.0);13.02.2023 23:00;A;T;FRM_LD_NLD;TOT;TOTAL;
IS;2014;41908;ESTAT:TTR00011(1.0);13.02.2023 23:00;A;T;FRM_LD_NLD;TOT;TOTAL;
IS;2015;44664;ESTAT:TTR00011(1.0);13.02.2023 23:00;A;T;FRM_LD_NLD;TOT;TOTAL;
IS;2016;48459.1;ESTAT:TTR00011(1.0);13.02.2023 23:00;A;T;FRM_LD_NLD;TOT;TOTAL;
IS;2017;52869.8;ESTAT:TTR00011(1.0);13.02.2023 23:00;A;T;FRM_LD_NLD;TOT;TOTAL;
IS;2018;56889.4;ESTAT:TTR00011(1.0);13.02.2023 23:00;A;T;FRM_LD_NLD;TOT;TOTAL;
IS;2019;55099.9;ESTAT:TTR00011(1.0);13.02.2023 23:00;A;T;FRM_LD_NLD;TOT;TOTAL;
IS;2020;49278;ESTAT:TTR00011(1.0);13.02.2023 23:00;A;T;FRM_LD_NLD;TOT;TOTAL;
IS;2021;57068.8;ESTAT:TTR00011(1.0);13.02.2023 23:00;A;T;FRM_LD_NLD;TOT;TOTAL;
IT;2011;846551;ESTAT:TTR00011(1.0);13.02.2023 23:00;A;T;FRM_LD_NLD;TOT;TOTAL;
IT;2012;790493;ESTAT:TTR00011(1.0);13.02.2023 23:00;A;T;FRM_LD_NLD;TOT;TOTAL;
IT;2013;826981;ESTAT:TTR00011(1.0);13.02.2023 23:00;A;T;FRM_LD_NLD;TOT;TOTAL;
IT;2014;876495;ESTAT:TTR00011(1.0);13.02.2023 23:00;A;T;FRM_LD_NLD;TOT;TOTAL;
IT;2015;916755;ESTAT:TTR00011(1.0);13.02.2023 23:00;A;T;FRM_LD_NLD;TOT;TOTAL;
IT;2016;991688;ESTAT:TTR00011(1.0);13.02.2023 23:00;A;T;FRM_LD_NLD;TOT;TOTAL;
IT;2017;1077874;ESTAT:TTR00011(1.0);13.02.2023 23:00;A;T;FRM_LD_NLD;TOT;TOTAL;
IT;2018;1066221;ESTAT:TTR00011(1.0);13.02.2023 23:00;A;T;FRM_LD_NLD;TOT;TOTAL;
IT;2019;1021941;ESTAT:TTR00011(1.0);13.02.2023 23:00;A;T;FRM_LD_NLD;TOT;TOTAL;
IT;2020;776205;ESTAT:TTR00011(1.0);13.02.2023 23:00;A;T;FRM_LD_NLD;TOT;TOTAL;
IT;2021;1015988;ESTAT:TTR00011(1.0);13.02.2023 23:00;A;T;FRM_LD_NLD;TOT;TOTAL;
LT;2011;10011;ESTAT:TTR00011(1.0);13.02.2023 23:00;A;T;FRM_LD_NLD;TOT;TOTAL;
LT;2012;14342;ESTAT:TTR00011(1.0);13.02.2023 23:00;A;T;FRM_LD_NLD;TOT;TOTAL;
LT;2013;15857;ESTAT:TTR00011(1.0);13.02.2023 23:00;A;T;FRM_LD_NLD;TOT;TOTAL;
LT;2014;13210;ESTAT:TTR00011(1.0);13.02.2023 23:00;A;T;FRM_LD_NLD;TOT;TOTAL;
LT;2015;14904;ESTAT:TTR00011(1.0);13.02.2023 23:00;A;T;FRM_LD_NLD;TOT;TOTAL;
LT;2016;14244.6;ESTAT:TTR00011(1.0);13.02.2023 23:00;A;T;FRM_LD_NLD;TOT;TOTAL;
LT;2017;15064.4;ESTAT:TTR00011(1.0);13.02.2023 23:00;A;T;FRM_LD_NLD;TOT;TOTAL;
LT;2018;16779;ESTAT:TTR00011(1.0);13.02.2023 23:00;A;T;FRM_LD_NLD;TOT;TOTAL;
LT;2019;17211.5;ESTAT:TTR00011(1.0);13.02.2023 23:00;A;T;FRM_LD_NLD;TOT;TOTAL;
LT;2020;19819.8;ESTAT:TTR00011(1.0);13.02.2023 23:00;A;T;FRM_LD_NLD;TOT;TOTAL;
LT;2021;19830.1;ESTAT:TTR00011(1.0);13.02.2023 23:00;A;T;FRM_LD_NLD;TOT;TOTAL;
LT;2022;20740.2;ESTAT:TTR00011(1.0);13.02.2023 23:00;A;T;FRM_LD_NLD;TOT;TOTAL;
LU;2011;666010.9;ESTAT:TTR00011(1.0);13.02.2023 23:00;A;T;FRM_LD_NLD;TOT;TOTAL;
LU;2012;615286.4;ESTAT:TTR00011(1.0);13.02.2023 23:00;A;T;FRM_LD_NLD;TOT;TOTAL;
LU;2013;673380.2;ESTAT:TTR00011(1.0);13.02.2023 23:00;A;T;FRM_LD_NLD;TOT;TOTAL;
LU;2014;707150;ESTAT:TTR00011(1.0);13.02.2023 23:00;A;T;FRM_LD_NLD;TOT;TOTAL;
LU;2015;736879.8;ESTAT:TTR00011(1.0);13.02.2023 23:00;A;T;FRM_LD_NLD;TOT;TOTAL;
LU;2016;801058;ESTAT:TTR00011(1.0);13.02.2023 23:00;A;T;FRM_LD_NLD;TOT;TOTAL;
LU;2017;892660;ESTAT:TTR00011(1.0);13.02.2023 23:00;A;T;FRM_LD_NLD;TOT;TOTAL;
LU;2018;895004;ESTAT:TTR00011(1.0);13.02.2023 23:00;A;T;FRM_LD_NLD;TOT;TOTAL;
LU;2019;853030;ESTAT:TTR00011(1.0);13.02.2023 23:00;A;T;FRM_LD_NLD;TOT;TOTAL;
LU;2020;905397;ESTAT:TTR00011(1.0);13.02.2023 23:00;A;T;FRM_LD_NLD;TOT;TOTAL;
LU;2021;1088016;ESTAT:TTR00011(1.0);13.02.2023 23:00;A;T;FRM_LD_NLD;TOT;TOTAL;
LV;2011;11571;ESTAT:TTR00011(1.0);13.02.2023 23:00;A;T;FRM_LD_NLD;TOT;TOTAL;
LV;2012;31460;ESTAT:TTR00011(1.0);13.02.2023 23:00;A;T;FRM_LD_NLD;TOT;TOTAL;
LV;2013;52473;ESTAT:TTR00011(1.0);13.02.2023 23:00;A;T;FRM_LD_NLD;TOT;TOTAL;
LV;2014;31439;ESTAT:TTR00011(1.0);13.02.2023 23:00;A;T;FRM_LD_NLD;TOT;TOTAL;
LV;2015;16809;ESTAT:TTR00011(1.0);13.02.2023 23:00;A;T;FRM_LD_NLD;TOT;TOTAL;
LV;2016;17922;ESTAT:TTR00011(1.0);13.02.2023 23:00;A;T;FRM_LD_NLD;TOT;TOTAL;
LV;2017;21203.6;ESTAT:TTR00011(1.0);13.02.2023 23:00;A;T;FRM_LD_NLD;TOT;TOTAL;
LV;2018;24627.7;ESTAT:TTR00011(1.0);13.02.2023 23:00;A;T;FRM_LD_NLD;TOT;TOTAL;
LV;2019;25865.7;ESTAT:TTR00011(1.0);13.02.2023 23:00;A;T;FRM_LD_NLD;TOT;TOTAL;
LV;2020;19246.8;ESTAT:TTR00011(1.0);13.02.2023 23:00;A;T;FRM_LD_NLD;TOT;TOTAL;
LV;2021;27062.3;ESTAT:TTR00011(1.0);13.02.2023 23:00;A;T;FRM_LD_NLD;TOT;TOTAL;
ME;2016;898.3;ESTAT:TTR00011(1.0);13.02.2023 23:00;A;T;FRM_LD_NLD;TOT;TOTAL;
ME;2017;869;ESTAT:TTR00011(1.0);13.02.2023 23:00;A;T;FRM_LD_NLD;TOT;TOTAL;
ME;2018;914.7;ESTAT:TTR00011(1.0);13.02.2023 23:00;A;T;FRM_LD_NLD;TOT;TOTAL;
ME;2019;871.6;ESTAT:TTR00011(1.0);13.02.2023 23:00;A;T;FRM_LD_NLD;TOT;TOTAL;
ME;2020;337.2;ESTAT:TTR00011(1.0);13.02.2023 23:00;A;T;FRM_LD_NLD;TOT;TOTAL;
ME;2021;466.6;ESTAT:TTR00011(1.0);13.02.2023 23:00;A;T;FRM_LD_NLD;TOT;TOTAL;
MK;2015;2647;ESTAT:TTR00011(1.0);13.02.2023 23:00;A;T;FRM_LD_NLD;TOT;TOTAL;
MK;2016;2939;ESTAT:TTR00011(1.0);13.02.2023 23:00;A;T;FRM_LD_NLD;TOT;TOTAL;
MK;2017;2820;ESTAT:TTR00011(1.0);13.02.2023 23:00;A;T;FRM_LD_NLD;TOT;TOTAL;
MK;2018;3298;ESTAT:TTR00011(1.0);13.02.2023 23:00;A;T;FRM_LD_NLD;TOT;TOTAL;
MK;2019;3407;ESTAT:TTR00011(1.0);13.02.2023 23:00;A;T;FRM_LD_NLD;TOT;TOTAL;
MK;2020;2132;ESTAT:TTR00011(1.0);13.02.2023 23:00;A;T;FRM_LD_NLD;TOT;TOTAL;
MK;2021;3039;ESTAT:TTR00011(1.0);13.02.2023 23:00;A;T;FRM_LD_NLD;TOT;TOTAL;
MT;2011;16203.9;ESTAT:TTR00011(1.0);13.02.2023 23:00;A;T;FRM_LD_NLD;TOT;TOTAL;
MT;2012;16492.7;ESTAT:TTR00011(1.0);13.02.2023 23:00;A;T;FRM_LD_NLD;TOT;TOTAL;
MT;2013;16028.5;ESTAT:TTR00011(1.0);13.02.2023 23:00;A;T;FRM_LD_NLD;TOT;TOTAL;
MT;2014;15602;ESTAT:TTR00011(1.0);13.02.2023 23:00;A;T;FRM_LD_NLD;TOT;TOTAL;
MT;2015;16405.4;ESTAT:TTR00011(1.0);13.02.2023 23:00;A;T;FRM_LD_NLD;TOT;TOTAL;
MT;2016;15690.3;ESTAT:TTR00011(1.0);13.02.2023 23:00;A;T;FRM_LD_NLD;TOT;TOTAL;
MT;2017;16194.4;ESTAT:TTR00011(1.0);13.02.2023 23:00;A;T;FRM_LD_NLD;TOT;TOTAL;
MT;2018;17677.1;ESTAT:TTR00011(1.0);13.02.2023 23:00;A;T;FRM_LD_NLD;TOT;TOTAL;
MT;2019;12209.6;ESTAT:TTR00011(1.0);13.02.2023 23:00;A;T;FRM_LD_NLD;TOT;TOTAL;
MT;2020;13444.2;ESTAT:TTR00011(1.0);13.02.2023 23:00;A;T;FRM_LD_NLD;TOT;TOTAL;
MT;2021;15998;ESTAT:TTR00011(1.0);13.02.2023 23:00;A;T;FRM_LD_NLD;TOT;TOTAL;
NL;2011;1614894.7;ESTAT:TTR00011(1.0);13.02.2023 23:00;A;T;FRM_LD_NLD;TOT;TOTAL;
NL;2012;1563499.7;ESTAT:TTR00011(1.0);13.02.2023 23:00;A;T;FRM_LD_NLD;TOT;TOTAL;
NL;2013;1620037.6;ESTAT:TTR00011(1.0);13.02.2023 23:00;A;T;FRM_LD_NLD;TOT;TOTAL;
NL;2014;1727454.8;ESTAT:TTR00011(1.0);13.02.2023 23:00;A;T;FRM_LD_NLD;TOT;TOTAL;
NL;2015;1712031.3;ESTAT:TTR00011(1.0);13.02.2023 23:00;A;T;FRM_LD_NLD;TOT;TOTAL;
NL;2016;1831791.8;ESTAT:TTR00011(1.0);13.02.2023 23:00;A;T;FRM_LD_NLD;TOT;TOTAL;
NL;2017;1865105.5;ESTAT:TTR00011(1.0);13.02.2023 23:00;A;T;FRM_LD_NLD;TOT;TOTAL;
NL;2018;1840418.8;ESTAT:TTR00011(1.0);13.02.2023 23:00;A;T;FRM_LD_NLD;TOT;TOTAL;
NL;2019;1703556.1;ESTAT:TTR00011(1.0);13.02.2023 23:00;A;T;FRM_LD_NLD;TOT;TOTAL;
NL;2020;1591388.6;ESTAT:TTR00011(1.0);13.02.2023 23:00;A;T;FRM_LD_NLD;TOT;TOTAL;
NL;2021;1807924.4;ESTAT:TTR00011(1.0);13.02.2023 23:00;A;T;FRM_LD_NLD;TOT;TOTAL;
NO;2011;65742;ESTAT:TTR00011(1.0);13.02.2023 23:00;A;T;FRM_LD_NLD;TOT;TOTAL;
NO;2012;78420;ESTAT:TTR00011(1.0);13.02.2023 23:00;A;T;FRM_LD_NLD;TOT;TOTAL;
NO;2013;106722;ESTAT:TTR00011(1.0);13.02.2023 23:00;A;T;FRM_LD_NLD;TOT;TOTAL;
NO;2014;116390;ESTAT:TTR00011(1.0);13.02.2023 23:00;A;T;FRM_LD_NLD;TOT;TOTAL;
NO;2015;127698;ESTAT:TTR00011(1.0);13.02.2023 23:00;A;T;FRM_LD_NLD;TOT;TOTAL;
NO;2016;127745;ESTAT:TTR00011(1.0);13.02.2023 23:00;A;T;FRM_LD_NLD;TOT;TOTAL;
NO;2017;169295;ESTAT:TTR00011(1.0);13.02.2023 23:00;A;T;FRM_LD_NLD;TOT;TOTAL;
NO;2018;174840;ESTAT:TTR00011(1.0);13.02.2023 23:00;A;T;FRM_LD_NLD;TOT;TOTAL;
NO;2019;187379;ESTAT:TTR00011(1.0);13.02.2023 23:00;A;T;FRM_LD_NLD;TOT;TOTAL;
NO;2020;176298;ESTAT:TTR00011(1.0);13.02.2023 23:00;A;T;FRM_LD_NLD;TOT;TOTAL;
NO;2021;194435;ESTAT:TTR00011(1.0);13.02.2023 23:00;A;T;FRM_LD_NLD;TOT;TOTAL;
NO;2022;173035;ESTAT:TTR00011(1.0);13.02.2023 23:00;A;T;FRM_LD_NLD;TOT;TOTAL;
PL;2011;68485;ESTAT:TTR00011(1.0);13.02.2023 23:00;A;T;FRM_LD_NLD;TOT;TOTAL;
PL;2012;74831;ESTAT:TTR00011(1.0);13.02.2023 23:00;A;T;FRM_LD_NLD;TOT;TOTAL;
PL;2013;77559.9;ESTAT:TTR00011(1.0);13.02.2023 23:00;A;T;FRM_LD_NLD;TOT;TOTAL;
PL;2014;84386.2;ESTAT:TTR00011(1.0);13.02.2023 23:00;A;T;FRM_LD_NLD;TOT;TOTAL;
PL;2015;92690;ESTAT:TTR00011(1.0);13.02.2023 23:00;A;T;FRM_LD_NLD;TOT;TOTAL;
PL;2016;107880.3;ESTAT:TTR00011(1.0);13.02.2023 23:00;A;T;FRM_LD_NLD;TOT;TOTAL;
PL;2017;121303.2;ESTAT:TTR00011(1.0);13.02.2023 23:00;A;T;FRM_LD_NLD;TOT;TOTAL;
PL;2018;134673.1;ESTAT:TTR00011(1.0);13.02.2023 23:00;A;T;FRM_LD_NLD;TOT;TOTAL;
PL;2019;143109.5;ESTAT:TTR00011(1.0);13.02.2023 23:00;A;T;FRM_LD_NLD;TOT;TOTAL;
PL;2020;111278.6;ESTAT:TTR00011(1.0);13.02.2023 23:00;A;T;FRM_LD_NLD;TOT;TOTAL;
PL;2021;143385;ESTAT:TTR00011(1.0);13.02.2023 23:00;A;T;FRM_LD_NLD;TOT;TOTAL;
PT;2011;121465;ESTAT:TTR00011(1.0);13.02.2023 23:00;A;T;FRM_LD_NLD;TOT;TOTAL;
PT;2012;117645;ESTAT:TTR00011(1.0);13.02.2023 23:00;A;T;FRM_LD_NLD;TOT;TOTAL;
PT;2013;126612;ESTAT:TTR00011(1.0);13.02.2023 23:00;A;T;FRM_LD_NLD;TOT;TOTAL;
PT;2014;134982;ESTAT:TTR00011(1.0);13.02.2023 23:00;A;T;FRM_LD_NLD;TOT;TOTAL;
PT;2015;133416;ESTAT:TTR00011(1.0);13.02.2023 23:00;A;T;FRM_LD_NLD;TOT;TOTAL;
PT;2016;136578;ESTAT:TTR00011(1.0);13.02.2023 23:00;A;T;FRM_LD_NLD;TOT;TOTAL;
PT;2017;164732;ESTAT:TTR00011(1.0);13.02.2023 23:00;A;T;FRM_LD_NLD;TOT;TOTAL;
PT;2018;173493;ESTAT:TTR00011(1.0);13.02.2023 23:00;A;T;FRM_LD_NLD;TOT;TOTAL;
PT;2019;194214;ESTAT:TTR00011(1.0);13.02.2023 23:00;A;T;FRM_LD_NLD;TOT;TOTAL;
PT;2020;133074.8;ESTAT:TTR00011(1.0);13.02.2023 23:00;A;T;FRM_LD_NLD;TOT;TOTAL;
PT;2021;174997.5;ESTAT:TTR00011(1.0);13.02.2023 23:00;A;T;FRM_LD_NLD;TOT;TOTAL;
RO;2011;26156;ESTAT:TTR00011(1.0);13.02.2023 23:00;A;T;FRM_LD_NLD;TOT;TOTAL;
RO;2012;28523;ESTAT:TTR00011(1.0);13.02.2023 23:00;A;T;FRM_LD_NLD;TOT;TOTAL;
RO;2013;30605;ESTAT:TTR00011(1.0);13.02.2023 23:00;A;T;FRM_LD_NLD;TOT;TOTAL;
RO;2014;31113;ESTAT:TTR00011(1.0);13.02.2023 23:00;A;T;FRM_LD_NLD;TOT;TOTAL;
RO;2015;33399;ESTAT:TTR00011(1.0);13.02.2023 23:00;A;T;FRM_LD_NLD;TOT;TOTAL;
RO;2016;37456;ESTAT:TTR00011(1.0);13.02.2023 23:00;A;T;FRM_LD_NLD;TOT;TOTAL;
RO;2017;41692;ESTAT:TTR00011(1.0);13.02.2023 23:00;A;T;FRM_LD_NLD;TOT;TOTAL;
RO;2018;45310;ESTAT:TTR00011(1.0);13.02.2023 23:00;A;T;FRM_LD_NLD;TOT;TOTAL;
RO;2019;44217;ESTAT:TTR00011(1.0);13.02.2023 23:00;A;T;FRM_LD_NLD;TOT;TOTAL;
RO;2020;38769;ESTAT:TTR00011(1.0);13.02.2023 23:00;A;T;FRM_LD_NLD;TOT;TOTAL;
RO;2021;39033;ESTAT:TTR00011(1.0);13.02.2023 23:00;A;T;FRM_LD_NLD;TOT;TOTAL;
RS;2016;9914;ESTAT:TTR00011(1.0);13.02.2023 23:00;A;T;FRM_LD_NLD;TOT;TOTAL;
RS;2017;22350;ESTAT:TTR00011(1.0);13.02.2023 23:00;A;T;FRM_LD_NLD;TOT;TOTAL;
RS;2018;27375.1;ESTAT:TTR00011(1.0);13.02.2023 23:00;A;T;FRM_LD_NLD;TOT;TOTAL;
RS;2019;22659.1;ESTAT:TTR00011(1.0);13.02.2023 23:00;A;T;FRM_LD_NLD;TOT;TOTAL;
RS;2020;16751.7;ESTAT:TTR00011(1.0);13.02.2023 23:00;A;T;FRM_LD_NLD;TOT;TOTAL;
RS;2021;14847.9;ESTAT:TTR00011(1.0);13.02.2023 23:00;A;T;FRM_LD_NLD;TOT;TOTAL;
SE;2011;164618;ESTAT:TTR00011(1.0);13.02.2023 23:00;A;T;FRM_LD_NLD;TOT;TOTAL;
SE;2012;141365;ESTAT:TTR00011(1.0);13.02.2023 23:00;A;T;FRM_LD_NLD;TOT;TOTAL;
SE;2013;130405;ESTAT:TTR00011(1.0);13.02.2023 23:00;A;T;FRM_LD_NLD;TOT;TOTAL;
SE;2014;141887;ESTAT:TTR00011(1.0);13.02.2023 23:00;A;T;FRM_LD_NLD;TOT;TOTAL;
SE;2015;146287;ESTAT:TTR00011(1.0);13.02.2023 23:00;A;T;FRM_LD_NLD;TOT;TOTAL;
SE;2016;147214;ESTAT:TTR00011(1.0);13.02.2023 23:00;A;T;FRM_LD_NLD;TOT;TOTAL;
SE;2017;159129.9;ESTAT:TTR00011(1.0);13.02.2023 23:00;A;T;FRM_LD_NLD;TOT;TOTAL;
SE;2018;158632.4;ESTAT:TTR00011(1.0);13.02.2023 23:00;A;T;FRM_LD_NLD;TOT;TOTAL;
SE;2019;162743.4;ESTAT:TTR00011(1.0);13.02.2023 23:00;A;T;FRM_LD_NLD;TOT;TOTAL;
SE;2020;132083;ESTAT:TTR00011(1.0);13.02.2023 23:00;A;T;FRM_LD_NLD;TOT;TOTAL;
SE;2021;154596.2;ESTAT:TTR00011(1.0);13.02.2023 23:00;A;T;FRM_LD_NLD;TOT;TOTAL;
SI;2011;6877;ESTAT:TTR00011(1.0);13.02.2023 23:00;A;T;FRM_LD_NLD;TOT;TOTAL;
SI;2012;7572;ESTAT:TTR00011(1.0);13.02.2023 23:00;A;T;FRM_LD_NLD;TOT;TOTAL;
SI;2013;7969;ESTAT:TTR00011(1.0);13.02.2023 23:00;A;T;FRM_LD_NLD;TOT;TOTAL;
SI;2014;8563;ESTAT:TTR00011(1.0);13.02.2023 23:00;A;T;FRM_LD_NLD;TOT;TOTAL;
SI;2015;8891;ESTAT:TTR00011(1.0);13.02.2023 23:00;A;T;FRM_LD_NLD;TOT;TOTAL;
SI;2016;8970;ESTAT:TTR00011(1.0);13.02.2023 23:00;A;T;FRM_LD_NLD;TOT;TOTAL;
SI;2017;12024.5;ESTAT:TTR00011(1.0);13.02.2023 23:00;A;T;FRM_LD_NLD;TOT;TOTAL;
SI;2018;12337.3;ESTAT:TTR00011(1.0);13.02.2023 23:00;A;T;FRM_LD_NLD;TOT;TOTAL;
SI;2019;11357.8;ESTAT:TTR00011(1.0);13.02.2023 23:00;A;T;FRM_LD_NLD;TOT;TOTAL;
SI;2020;10552.6;ESTAT:TTR00011(1.0);13.02.2023 23:00;A;T;FRM_LD_NLD;TOT;TOTAL;
SI;2021;11381.5;ESTAT:TTR00011(1.0);13.02.2023 23:00;A;T;FRM_LD_NLD;TOT;TOTAL;
SK;2011;20542;ESTAT:TTR00011(1.0);13.02.2023 23:00;A;T;FRM_LD_NLD;TOT;TOTAL;
SK;2012;20893;ESTAT:TTR00011(1.0);13.02.2023 23:00;A;T;FRM_LD_NLD;TOT;TOTAL;
SK;2013;20588;ESTAT:TTR00011(1.0);13.02.2023 23:00;A;T;FRM_LD_NLD;TOT;TOTAL;
SK;2014;18498;ESTAT:TTR00011(1.0);13.02.2023 23:00;A;T;FRM_LD_NLD;TOT;TOTAL;
SK;2015;21216;ESTAT:TTR00011(1.0);13.02.2023 23:00;A;T;FRM_LD_NLD;TOT;TOTAL;
SK;2016;23028;ESTAT:TTR00011(1.0);13.02.2023 23:00;A;T;FRM_LD_NLD;TOT;TOTAL;
SK;2017;27188.3;ESTAT:TTR00011(1.0);13.02.2023 23:00;A;T;FRM_LD_NLD;TOT;TOTAL;
SK;2018;24564.8;ESTAT:TTR00011(1.0);13.02.2023 23:00;A;T;FRM_LD_NLD;TOT;TOTAL;
SK;2019;20525.3;ESTAT:TTR00011(1.0);13.02.2023 23:00;A;T;FRM_LD_NLD;TOT;TOTAL;
SK;2020;24772.1;ESTAT:TTR00011(1.0);13.02.2023 23:00;A;T;FRM_LD_NLD;TOT;TOTAL;
SK;2021;19644.2;ESTAT:TTR00011(1.0);13.02.2023 23:00;A;T;FRM_LD_NLD;TOT;TOTAL;
UK;2011;2419717.6;ESTAT:TTR00011(1.0);13.02.2023 23:00;A;T;FRM_LD_NLD;TOT;TOTAL;
UK;2012;2428374.6;ESTAT:TTR00011(1.0);13.02.2023 23:00;A;T;FRM_LD_NLD;TOT;TOTAL;
UK;2013;2369878.6;ESTAT:TTR00011(1.0);13.02.2023 23:00;A;T;FRM_LD_NLD;TOT;TOTAL;
UK;2014;2406673;ESTAT:TTR00011(1.0);13.02.2023 23:00;A;T;FRM_LD_NLD;TOT;TOTAL;
UK;2015;2405225;ESTAT:TTR00011(1.0);13.02.2023 23:00;A;T;FRM_LD_NLD;TOT;TOTAL;
UK;2016;2511011;ESTAT:TTR00011(1.0);13.02.2023 23:00;A;T;FRM_LD_NLD;TOT;TOTAL;
UK;2017;2738784;ESTAT:TTR00011(1.0);13.02.2023 23:00;A;T;FRM_LD_NLD;TOT;TOTAL;
UK;2018;2748539;ESTAT:TTR00011(1.0);13.02.2023 23:00;A;T;FRM_LD_NLD;TOT;TOTAL;
UK;2019;2650232.3;ESTAT:TTR00011(1.0);13.02.2023 23:00;A;T;FRM_LD_NLD;TOT;TOTAL;
